insert into test.concert (id, name, created_at, updated_at) values (1, '아이유 콘서트', now(), now());
insert into test.concert (id, name, created_at, updated_at) values (2, '방탄소년단 콘서트', now(), now());

insert into test.concert_detail (id, concert_id, starts_at, max_seat_num, reserved_seat_num, created_at, updated_at) values (1, 1, '2024-02-15 13:00:00', 50, 0, now(), now());
insert into test.concert_detail (id, concert_id, starts_at, max_seat_num, reserved_seat_num, created_at, updated_at) values (2, 1, '2024-02-20 15:00:00', 50, 0, now(), now());
insert into test.concert_detail (id, concert_id, starts_at, max_seat_num, reserved_seat_num, created_at, updated_at) values (3, 2, '2024-03-15 13:00:00', 50, 0, now(), now());
insert into test.concert_detail (id, concert_id, starts_at, max_seat_num, reserved_seat_num, created_at, updated_at) values (4, 2, '2024-03-20 15:00:00', 50, 0, now(), now());

insert into test.seat (id, price, created_at, updated_at) values (1, 10000, now(), now());
insert into test.seat (id, price, created_at, updated_at) values (2, 10000, now(), now());
insert into test.seat (id, price, created_at, updated_at) values (3, 10000, now(), now());
insert into test.seat (id, price, created_at, updated_at) values (4, 10000, now(), now());
insert into test.seat (id, price, created_at, updated_at) values (5, 10000, now(), now());
insert into test.seat (id, price, created_at, updated_at) values (6, 10000, now(), now());
insert into test.seat (id, price, created_at, updated_at) values (7, 10000, now(), now());
insert into test.seat (id, price, created_at, updated_at) values (8, 10000, now(), now());
insert into test.seat (id, price, created_at, updated_at) values (9, 10000, now(), now());
insert into test.seat (id, price, created_at, updated_at) values (10, 12000, now(), now());

insert into test.seat (id, price, created_at, updated_at) values (11, 12000, now(), now());
insert into test.seat (id, price, created_at, updated_at) values (12, 12000, now(), now());
insert into test.seat (id, price, created_at, updated_at) values (13, 12000, now(), now());
insert into test.seat (id, price, created_at, updated_at) values (14, 12000, now(), now());
insert into test.seat (id, price, created_at, updated_at) values (15, 12000, now(), now());
insert into test.seat (id, price, created_at, updated_at) values (16, 12000, now(), now());
insert into test.seat (id, price, created_at, updated_at) values (17, 12000, now(), now());
insert into test.seat (id, price, created_at, updated_at) values (18, 12000, now(), now());
insert into test.seat (id, price, created_at, updated_at) values (19, 12000, now(), now());
insert into test.seat (id, price, created_at, updated_at) values (20, 12000, now(), now());

insert into test.seat (id, price, created_at, updated_at) values (21, 14000, now(), now());
insert into test.seat (id, price, created_at, updated_at) values (22, 14000, now(), now());
insert into test.seat (id, price, created_at, updated_at) values (23, 14000, now(), now());
insert into test.seat (id, price, created_at, updated_at) values (24, 14000, now(), now());
insert into test.seat (id, price, created_at, updated_at) values (25, 14000, now(), now());
insert into test.seat (id, price, created_at, updated_at) values (26, 14000, now(), now());
insert into test.seat (id, price, created_at, updated_at) values (27, 14000, now(), now());
insert into test.seat (id, price, created_at, updated_at) values (28, 14000, now(), now());
insert into test.seat (id, price, created_at, updated_at) values (29, 14000, now(), now());
insert into test.seat (id, price, created_at, updated_at) values (30, 14000, now(), now());

insert into test.seat (id, price, created_at, updated_at) values (31, 16000, now(), now());
insert into test.seat (id, price, created_at, updated_at) values (32, 16000, now(), now());
insert into test.seat (id, price, created_at, updated_at) values (33, 16000, now(), now());
insert into test.seat (id, price, created_at, updated_at) values (34, 16000, now(), now());
insert into test.seat (id, price, created_at, updated_at) values (35, 16000, now(), now());
insert into test.seat (id, price, created_at, updated_at) values (36, 16000, now(), now());
insert into test.seat (id, price, created_at, updated_at) values (37, 16000, now(), now());
insert into test.seat (id, price, created_at, updated_at) values (38, 16000, now(), now());
insert into test.seat (id, price, created_at, updated_at) values (39, 16000, now(), now());
insert into test.seat (id, price, created_at, updated_at) values (40, 16000, now(), now());

insert into test.seat (id, price, created_at, updated_at) values (41, 18000, now(), now());
insert into test.seat (id, price, created_at, updated_at) values (42, 18000, now(), now());
insert into test.seat (id, price, created_at, updated_at) values (43, 18000, now(), now());
insert into test.seat (id, price, created_at, updated_at) values (44, 18000, now(), now());
insert into test.seat (id, price, created_at, updated_at) values (45, 18000, now(), now());
insert into test.seat (id, price, created_at, updated_at) values (46, 18000, now(), now());
insert into test.seat (id, price, created_at, updated_at) values (47, 18000, now(), now());
insert into test.seat (id, price, created_at, updated_at) values (48, 18000, now(), now());
insert into test.seat (id, price, created_at, updated_at) values (49, 18000, now(), now());
insert into test.seat (id, price, created_at, updated_at) values (50, 18000, now(), now());

-- insert into test.users (id, name, amount, created_at, updated_at) values (1, '유저1', 0, now(), now());
-- insert into test.users (id, name, amount, created_at, updated_at) values (2, '유저2', 0, now(), now());
-- insert into test.users (id, name, amount, created_at, updated_at) values (3, '유저3', 0, now(), now());
-- insert into test.users (id, name, amount, created_at, updated_at) values (4, '유저4', 0, now(), now());
-- insert into test.users (id, name, amount, created_at, updated_at) values (5, '유저5', 0, now(), now());
-- insert into test.users (id, name, amount, created_at, updated_at) values (6, '유저6', 0, now(), now());
-- insert into test.users (id, name, amount, created_at, updated_at) values (7, '유저7', 0, now(), now());
-- insert into test.users (id, name, amount, created_at, updated_at) values (8, '유저8', 0, now(), now());
-- insert into test.users (id, name, amount, created_at, updated_at) values (9, '유저9', 0, now(), now());
-- insert into test.users (id, name, amount, created_at, updated_at) values (10, '유저10', 0, now(), now());
-- insert into test.users (id, name, amount, created_at, updated_at) values (11, '유저11', 0, now(), now());
-- insert into test.users (id, name, amount, created_at, updated_at) values (12, '유저12', 0, now(), now());
-- insert into test.users (id, name, amount, created_at, updated_at) values (13, '유저13', 0, now(), now());
-- insert into test.users (id, name, amount, created_at, updated_at) values (14, '유저14', 0, now(), now());
-- insert into test.users (id, name, amount, created_at, updated_at) values (15, '유저15', 0, now(), now());
-- insert into test.users (id, name, amount, created_at, updated_at) values (16, '유저16', 0, now(), now());
-- insert into test.users (id, name, amount, created_at, updated_at) values (17, '유저17', 0, now(), now());
-- insert into test.users (id, name, amount, created_at, updated_at) values (18, '유저18', 0, now(), now());
-- insert into test.users (id, name, amount, created_at, updated_at) values (19, '유저19', 0, now(), now());
-- insert into test.users (id, name, amount, created_at, updated_at) values (20, '유저20', 0, now(), now());
-- insert into test.users (id, name, amount, created_at, updated_at) values (21, '유저21', 0, now(), now());
-- insert into test.users (id, name, amount, created_at, updated_at) values (22, '유저22', 0, now(), now());
-- insert into test.users (id, name, amount, created_at, updated_at) values (23, '유저23', 0, now(), now());
-- insert into test.users (id, name, amount, created_at, updated_at) values (24, '유저24', 0, now(), now());
-- insert into test.users (id, name, amount, created_at, updated_at) values (25, '유저25', 0, now(), now());
-- insert into test.users (id, name, amount, created_at, updated_at) values (26, '유저26', 0, now(), now());
-- insert into test.users (id, name, amount, created_at, updated_at) values (27, '유저27', 0, now(), now());
-- insert into test.users (id, name, amount, created_at, updated_at) values (28, '유저28', 0, now(), now());
-- insert into test.users (id, name, amount, created_at, updated_at) values (29, '유저29', 0, now(), now());
-- insert into test.users (id, name, amount, created_at, updated_at) values (30, '유저30', 0, now(), now());
-- insert into test.users (id, name, amount, created_at, updated_at) values (31, '유저31', 0, now(), now());
-- insert into test.users (id, name, amount, created_at, updated_at) values (32, '유저32', 0, now(), now());
-- insert into test.users (id, name, amount, created_at, updated_at) values (33, '유저33', 0, now(), now());
-- insert into test.users (id, name, amount, created_at, updated_at) values (34, '유저34', 0, now(), now());
-- insert into test.users (id, name, amount, created_at, updated_at) values (35, '유저35', 0, now(), now());
-- insert into test.users (id, name, amount, created_at, updated_at) values (36, '유저36', 0, now(), now());
-- insert into test.users (id, name, amount, created_at, updated_at) values (37, '유저37', 0, now(), now());
-- insert into test.users (id, name, amount, created_at, updated_at) values (38, '유저38', 0, now(), now());
-- insert into test.users (id, name, amount, created_at, updated_at) values (39, '유저39', 0, now(), now());
-- insert into test.users (id, name, amount, created_at, updated_at) values (40, '유저40', 0, now(), now());
-- insert into test.users (id, name, amount, created_at, updated_at) values (41, '유저41', 0, now(), now());
-- insert into test.users (id, name, amount, created_at, updated_at) values (42, '유저42', 0, now(), now());
-- insert into test.users (id, name, amount, created_at, updated_at) values (43, '유저43', 0, now(), now());
-- insert into test.users (id, name, amount, created_at, updated_at) values (44, '유저44', 0, now(), now());
-- insert into test.users (id, name, amount, created_at, updated_at) values (45, '유저45', 0, now(), now());
-- insert into test.users (id, name, amount, created_at, updated_at) values (46, '유저46', 0, now(), now());
-- insert into test.users (id, name, amount, created_at, updated_at) values (47, '유저47', 0, now(), now());
-- insert into test.users (id, name, amount, created_at, updated_at) values (48, '유저48', 0, now(), now());
-- insert into test.users (id, name, amount, created_at, updated_at) values (49, '유저49', 0, now(), now());
-- insert into test.users (id, name, amount, created_at, updated_at) values (50, '유저50', 0, now(), now());
-- insert into test.users (id, name, amount, created_at, updated_at) values (51, '유저51', 0, now(), now());
-- insert into test.users (id, name, amount, created_at, updated_at) values (52, '유저52', 0, now(), now());
-- insert into test.users (id, name, amount, created_at, updated_at) values (53, '유저53', 0, now(), now());
-- insert into test.users (id, name, amount, created_at, updated_at) values (54, '유저54', 0, now(), now());
-- insert into test.users (id, name, amount, created_at, updated_at) values (55, '유저55', 0, now(), now());
-- insert into test.users (id, name, amount, created_at, updated_at) values (56, '유저56', 0, now(), now());
-- insert into test.users (id, name, amount, created_at, updated_at) values (57, '유저57', 0, now(), now());
-- insert into test.users (id, name, amount, created_at, updated_at) values (58, '유저58', 0, now(), now());
-- insert into test.users (id, name, amount, created_at, updated_at) values (59, '유저59', 0, now(), now());
-- insert into test.users (id, name, amount, created_at, updated_at) values (60, '유저60', 0, now(), now());
-- insert into test.users (id, name, amount, created_at, updated_at) values (61, '유저61', 0, now(), now());
-- insert into test.users (id, name, amount, created_at, updated_at) values (62, '유저62', 0, now(), now());
-- insert into test.users (id, name, amount, created_at, updated_at) values (63, '유저63', 0, now(), now());
-- insert into test.users (id, name, amount, created_at, updated_at) values (64, '유저64', 0, now(), now());
-- insert into test.users (id, name, amount, created_at, updated_at) values (65, '유저65', 0, now(), now());
-- insert into test.users (id, name, amount, created_at, updated_at) values (66, '유저66', 0, now(), now());
-- insert into test.users (id, name, amount, created_at, updated_at) values (67, '유저67', 0, now(), now());
-- insert into test.users (id, name, amount, created_at, updated_at) values (68, '유저68', 0, now(), now());
-- insert into test.users (id, name, amount, created_at, updated_at) values (69, '유저69', 0, now(), now());
-- insert into test.users (id, name, amount, created_at, updated_at) values (70, '유저70', 0, now(), now());
-- insert into test.users (id, name, amount, created_at, updated_at) values (71, '유저71', 0, now(), now());
-- insert into test.users (id, name, amount, created_at, updated_at) values (72, '유저72', 0, now(), now());
-- insert into test.users (id, name, amount, created_at, updated_at) values (73, '유저73', 0, now(), now());
-- insert into test.users (id, name, amount, created_at, updated_at) values (74, '유저74', 0, now(), now());
-- insert into test.users (id, name, amount, created_at, updated_at) values (75, '유저75', 0, now(), now());
-- insert into test.users (id, name, amount, created_at, updated_at) values (76, '유저76', 0, now(), now());
-- insert into test.users (id, name, amount, created_at, updated_at) values (77, '유저77', 0, now(), now());
-- insert into test.users (id, name, amount, created_at, updated_at) values (78, '유저78', 0, now(), now());
-- insert into test.users (id, name, amount, created_at, updated_at) values (79, '유저79', 0, now(), now());
-- insert into test.users (id, name, amount, created_at, updated_at) values (80, '유저80', 0, now(), now());
-- insert into test.users (id, name, amount, created_at, updated_at) values (81, '유저81', 0, now(), now());
-- insert into test.users (id, name, amount, created_at, updated_at) values (82, '유저82', 0, now(), now());
-- insert into test.users (id, name, amount, created_at, updated_at) values (83, '유저83', 0, now(), now());
-- insert into test.users (id, name, amount, created_at, updated_at) values (84, '유저84', 0, now(), now());
-- insert into test.users (id, name, amount, created_at, updated_at) values (85, '유저85', 0, now(), now());
-- insert into test.users (id, name, amount, created_at, updated_at) values (86, '유저86', 0, now(), now());
-- insert into test.users (id, name, amount, created_at, updated_at) values (87, '유저87', 0, now(), now());
-- insert into test.users (id, name, amount, created_at, updated_at) values (88, '유저88', 0, now(), now());
-- insert into test.users (id, name, amount, created_at, updated_at) values (89, '유저89', 0, now(), now());
-- insert into test.users (id, name, amount, created_at, updated_at) values (90, '유저90', 0, now(), now());
-- insert into test.users (id, name, amount, created_at, updated_at) values (91, '유저91', 0, now(), now());
-- insert into test.users (id, name, amount, created_at, updated_at) values (92, '유저92', 0, now(), now());
-- insert into test.users (id, name, amount, created_at, updated_at) values (93, '유저93', 0, now(), now());
-- insert into test.users (id, name, amount, created_at, updated_at) values (94, '유저94', 0, now(), now());
-- insert into test.users (id, name, amount, created_at, updated_at) values (95, '유저95', 0, now(), now());
-- insert into test.users (id, name, amount, created_at, updated_at) values (96, '유저96', 0, now(), now());
-- insert into test.users (id, name, amount, created_at, updated_at) values (97, '유저97', 0, now(), now());
-- insert into test.users (id, name, amount, created_at, updated_at) values (98, '유저98', 0, now(), now());
-- insert into test.users (id, name, amount, created_at, updated_at) values (99, '유저99', 0, now(), now());
-- insert into test.users (id, name, amount, created_at, updated_at) values (100, '유저100', 0, now(), now());

insert into test.users (id, name, amount, created_at, updated_at) values (1, '유저1', 100000, now(), now());
insert into test.users (id, name, amount, created_at, updated_at) values (2, '유저2', 100000, now(), now());
insert into test.users (id, name, amount, created_at, updated_at) values (3, '유저3', 100000, now(), now());
insert into test.users (id, name, amount, created_at, updated_at) values (4, '유저4', 100000, now(), now());
insert into test.users (id, name, amount, created_at, updated_at) values (5, '유저5', 100000, now(), now());
insert into test.users (id, name, amount, created_at, updated_at) values (6, '유저6', 100000, now(), now());
insert into test.users (id, name, amount, created_at, updated_at) values (7, '유저7', 100000, now(), now());
insert into test.users (id, name, amount, created_at, updated_at) values (8, '유저8', 100000, now(), now());
insert into test.users (id, name, amount, created_at, updated_at) values (9, '유저9', 100000, now(), now());
insert into test.users (id, name, amount, created_at, updated_at) values (10, '유저10', 100000, now(), now());
insert into test.users (id, name, amount, created_at, updated_at) values (11, '유저11', 100000, now(), now());
insert into test.users (id, name, amount, created_at, updated_at) values (12, '유저12', 100000, now(), now());
insert into test.users (id, name, amount, created_at, updated_at) values (13, '유저13', 100000, now(), now());
insert into test.users (id, name, amount, created_at, updated_at) values (14, '유저14', 100000, now(), now());
insert into test.users (id, name, amount, created_at, updated_at) values (15, '유저15', 100000, now(), now());
insert into test.users (id, name, amount, created_at, updated_at) values (16, '유저16', 100000, now(), now());
insert into test.users (id, name, amount, created_at, updated_at) values (17, '유저17', 100000, now(), now());
insert into test.users (id, name, amount, created_at, updated_at) values (18, '유저18', 100000, now(), now());
insert into test.users (id, name, amount, created_at, updated_at) values (19, '유저19', 100000, now(), now());
insert into test.users (id, name, amount, created_at, updated_at) values (20, '유저20', 100000, now(), now());
insert into test.users (id, name, amount, created_at, updated_at) values (21, '유저21', 100000, now(), now());
insert into test.users (id, name, amount, created_at, updated_at) values (22, '유저22', 100000, now(), now());
insert into test.users (id, name, amount, created_at, updated_at) values (23, '유저23', 100000, now(), now());
insert into test.users (id, name, amount, created_at, updated_at) values (24, '유저24', 100000, now(), now());
insert into test.users (id, name, amount, created_at, updated_at) values (25, '유저25', 100000, now(), now());
insert into test.users (id, name, amount, created_at, updated_at) values (26, '유저26', 100000, now(), now());
insert into test.users (id, name, amount, created_at, updated_at) values (27, '유저27', 100000, now(), now());
insert into test.users (id, name, amount, created_at, updated_at) values (28, '유저28', 100000, now(), now());
insert into test.users (id, name, amount, created_at, updated_at) values (29, '유저29', 100000, now(), now());
insert into test.users (id, name, amount, created_at, updated_at) values (30, '유저30', 100000, now(), now());
insert into test.users (id, name, amount, created_at, updated_at) values (31, '유저31', 100000, now(), now());
insert into test.users (id, name, amount, created_at, updated_at) values (32, '유저32', 100000, now(), now());
insert into test.users (id, name, amount, created_at, updated_at) values (33, '유저33', 100000, now(), now());
insert into test.users (id, name, amount, created_at, updated_at) values (34, '유저34', 100000, now(), now());
insert into test.users (id, name, amount, created_at, updated_at) values (35, '유저35', 100000, now(), now());
insert into test.users (id, name, amount, created_at, updated_at) values (36, '유저36', 100000, now(), now());
insert into test.users (id, name, amount, created_at, updated_at) values (37, '유저37', 100000, now(), now());
insert into test.users (id, name, amount, created_at, updated_at) values (38, '유저38', 100000, now(), now());
insert into test.users (id, name, amount, created_at, updated_at) values (39, '유저39', 100000, now(), now());
insert into test.users (id, name, amount, created_at, updated_at) values (40, '유저40', 100000, now(), now());
insert into test.users (id, name, amount, created_at, updated_at) values (41, '유저41', 100000, now(), now());
insert into test.users (id, name, amount, created_at, updated_at) values (42, '유저42', 100000, now(), now());
insert into test.users (id, name, amount, created_at, updated_at) values (43, '유저43', 100000, now(), now());
insert into test.users (id, name, amount, created_at, updated_at) values (44, '유저44', 100000, now(), now());
insert into test.users (id, name, amount, created_at, updated_at) values (45, '유저45', 100000, now(), now());
insert into test.users (id, name, amount, created_at, updated_at) values (46, '유저46', 100000, now(), now());
insert into test.users (id, name, amount, created_at, updated_at) values (47, '유저47', 100000, now(), now());
insert into test.users (id, name, amount, created_at, updated_at) values (48, '유저48', 100000, now(), now());
insert into test.users (id, name, amount, created_at, updated_at) values (49, '유저49', 100000, now(), now());
insert into test.users (id, name, amount, created_at, updated_at) values (50, '유저50', 100000, now(), now());
insert into test.users (id, name, amount, created_at, updated_at) values (51, '유저51', 100000, now(), now());
insert into test.users (id, name, amount, created_at, updated_at) values (52, '유저52', 100000, now(), now());
insert into test.users (id, name, amount, created_at, updated_at) values (53, '유저53', 100000, now(), now());
insert into test.users (id, name, amount, created_at, updated_at) values (54, '유저54', 100000, now(), now());
insert into test.users (id, name, amount, created_at, updated_at) values (55, '유저55', 100000, now(), now());
insert into test.users (id, name, amount, created_at, updated_at) values (56, '유저56', 100000, now(), now());
insert into test.users (id, name, amount, created_at, updated_at) values (57, '유저57', 100000, now(), now());
insert into test.users (id, name, amount, created_at, updated_at) values (58, '유저58', 100000, now(), now());
insert into test.users (id, name, amount, created_at, updated_at) values (59, '유저59', 100000, now(), now());
insert into test.users (id, name, amount, created_at, updated_at) values (60, '유저60', 100000, now(), now());
insert into test.users (id, name, amount, created_at, updated_at) values (61, '유저61', 100000, now(), now());
insert into test.users (id, name, amount, created_at, updated_at) values (62, '유저62', 100000, now(), now());
insert into test.users (id, name, amount, created_at, updated_at) values (63, '유저63', 100000, now(), now());
insert into test.users (id, name, amount, created_at, updated_at) values (64, '유저64', 100000, now(), now());
insert into test.users (id, name, amount, created_at, updated_at) values (65, '유저65', 100000, now(), now());
insert into test.users (id, name, amount, created_at, updated_at) values (66, '유저66', 100000, now(), now());
insert into test.users (id, name, amount, created_at, updated_at) values (67, '유저67', 100000, now(), now());
insert into test.users (id, name, amount, created_at, updated_at) values (68, '유저68', 100000, now(), now());
insert into test.users (id, name, amount, created_at, updated_at) values (69, '유저69', 100000, now(), now());
insert into test.users (id, name, amount, created_at, updated_at) values (70, '유저70', 100000, now(), now());
insert into test.users (id, name, amount, created_at, updated_at) values (71, '유저71', 100000, now(), now());
insert into test.users (id, name, amount, created_at, updated_at) values (72, '유저72', 100000, now(), now());
insert into test.users (id, name, amount, created_at, updated_at) values (73, '유저73', 100000, now(), now());
insert into test.users (id, name, amount, created_at, updated_at) values (74, '유저74', 100000, now(), now());
insert into test.users (id, name, amount, created_at, updated_at) values (75, '유저75', 100000, now(), now());
insert into test.users (id, name, amount, created_at, updated_at) values (76, '유저76', 100000, now(), now());
insert into test.users (id, name, amount, created_at, updated_at) values (77, '유저77', 100000, now(), now());
insert into test.users (id, name, amount, created_at, updated_at) values (78, '유저78', 100000, now(), now());
insert into test.users (id, name, amount, created_at, updated_at) values (79, '유저79', 100000, now(), now());
insert into test.users (id, name, amount, created_at, updated_at) values (80, '유저80', 100000, now(), now());
insert into test.users (id, name, amount, created_at, updated_at) values (81, '유저81', 100000, now(), now());
insert into test.users (id, name, amount, created_at, updated_at) values (82, '유저82', 100000, now(), now());
insert into test.users (id, name, amount, created_at, updated_at) values (83, '유저83', 100000, now(), now());
insert into test.users (id, name, amount, created_at, updated_at) values (84, '유저84', 100000, now(), now());
insert into test.users (id, name, amount, created_at, updated_at) values (85, '유저85', 100000, now(), now());
insert into test.users (id, name, amount, created_at, updated_at) values (86, '유저86', 100000, now(), now());
insert into test.users (id, name, amount, created_at, updated_at) values (87, '유저87', 100000, now(), now());
insert into test.users (id, name, amount, created_at, updated_at) values (88, '유저88', 100000, now(), now());
insert into test.users (id, name, amount, created_at, updated_at) values (89, '유저89', 100000, now(), now());
insert into test.users (id, name, amount, created_at, updated_at) values (90, '유저90', 100000, now(), now());
insert into test.users (id, name, amount, created_at, updated_at) values (91, '유저91', 100000, now(), now());
insert into test.users (id, name, amount, created_at, updated_at) values (92, '유저92', 100000, now(), now());
insert into test.users (id, name, amount, created_at, updated_at) values (93, '유저93', 100000, now(), now());
insert into test.users (id, name, amount, created_at, updated_at) values (94, '유저94', 100000, now(), now());
insert into test.users (id, name, amount, created_at, updated_at) values (95, '유저95', 100000, now(), now());
insert into test.users (id, name, amount, created_at, updated_at) values (96, '유저96', 100000, now(), now());
insert into test.users (id, name, amount, created_at, updated_at) values (97, '유저97', 100000, now(), now());
insert into test.users (id, name, amount, created_at, updated_at) values (98, '유저98', 100000, now(), now());
insert into test.users (id, name, amount, created_at, updated_at) values (99, '유저99', 100000, now(), now());
insert into test.users (id, name, amount, created_at, updated_at) values (100, '유저100', 100000, now(), now());

insert into test.reservation (concert_detail_id, seat_id, user_id, status, reserve_at, created_at, updated_at) values (1, 4, 1, 'COMPLETED', now(), now(), now());
insert into test.reservation (concert_detail_id, seat_id, user_id, status, reserve_at, created_at, updated_at) values (1, 12, 1, 'COMPLETED', now(), now(), now());
insert into test.reservation (concert_detail_id, seat_id, user_id, status, reserve_at, created_at, updated_at) values (1, 15, 2, 'IN_PROGRESS', now(), now(), now());
insert into test.reservation (concert_detail_id, seat_id, user_id, status, reserve_at, created_at, updated_at) values (1, 20, 2, 'CANCELLED', now(), now(), now());
insert into test.reservation (concert_detail_id, seat_id, user_id, status, reserve_at, created_at, updated_at) values (1, 21, 2, 'IN_PROGRESS', now(), now(), now());
insert into test.reservation (concert_detail_id, seat_id, user_id, status, reserve_at, created_at, updated_at) values (2, 12, 2, 'IN_PROGRESS', now(), now(), now());
insert into test.reservation (concert_detail_id, seat_id, user_id, status, reserve_at, created_at, updated_at) values (3, 12, 1, 'IN_PROGRESS', now(), now(), now());
insert into test.reservation (concert_detail_id, seat_id, user_id, status, reserve_at, created_at, updated_at) values (3, 25, 2, 'IN_PROGRESS', now(), now(), now());
insert into test.reservation (concert_detail_id, seat_id, user_id, status, reserve_at, created_at, updated_at) values (3, 42, 2, 'IN_PROGRESS', now(), now(), now());

insert into test.reservation_token (token_value, status, user_id, issued_at, created_at, updated_at)
values ('97ef7717-2bcd-4e23-9e7a-3d9bfa4ea5dd', 'IN_PROGRESS', 1, now(), now(), now());
insert into test.reservation_token (token_value, status, user_id, issued_at, created_at, updated_at)
values ('a64d43c2-88bf-47ff-8303-7db3f06ca6d8', 'IN_PROGRESS', 2, now(), now(), now());
insert into test.reservation_token (token_value, status, user_id, issued_at, created_at, updated_at)
values ('d5617110-0f01-4e07-9a28-b41d19ab6613', 'IN_PROGRESS', 3, now(), now(), now());
insert into test.reservation_token (token_value, status, user_id, issued_at, created_at, updated_at)
values ('d8cbdaf9-8f65-4f89-a3fa-26c061cfa7b6', 'FINISHED', 7, now(), now(), now());
insert into test.reservation_token (token_value, status, user_id, issued_at, created_at, updated_at)
values ('0f491f2b-4ec5-4fe4-a75c-b6fffe39faa0', 'FINISHED', 8, now(), now(), now());
insert into test.reservation_token (token_value, status, user_id, issued_at, created_at, updated_at)
values ('73960111-13de-4202-b9c2-816388fdbb45', 'IN_PROGRESS', 9, now(), now(), now());
insert into test.reservation_token (token_value, status, user_id, issued_at, created_at, updated_at)
values ('79184f29-f8a6-45c4-9629-d9366dfa699c', 'IN_PROGRESS', 10, now(), now(), now());
insert into test.reservation_token (token_value, status, user_id, issued_at, created_at, updated_at)
values ('1634c734-872e-4b59-a87b-b7fb98c60d43', 'FINISHED', 11, now(), now(), now());
insert into test.reservation_token (token_value, status, user_id, issued_at, created_at, updated_at)
values ('2e77a847-a383-4672-8de5-525dab8ae6ec', 'FINISHED', 12, now(), now(), now());
insert into test.reservation_token (token_value, status, user_id, issued_at, created_at, updated_at)
values ('6dd50a2f-5c74-464c-9fdd-c67614c6c79a', 'FINISHED', 13, now(), now(), now());

insert into test.reservation_queue (user_id, status, created_at, updated_at) values (1, 'DONE', now(), now());
insert into test.reservation_queue (user_id, status, created_at, updated_at) values (2, 'DONE', now(), now());
insert into test.reservation_queue (user_id, status, created_at, updated_at) values (3, 'DONE', now(), now());
insert into test.reservation_queue (user_id, status, created_at, updated_at) values (4, 'WAITING', now(), now());
insert into test.reservation_queue (user_id, status, created_at, updated_at) values (5, 'WAITING', now(), now());
insert into test.reservation_queue (user_id, status, created_at, updated_at) values (6, 'WAITING', now(), now());
insert into test.reservation_queue (user_id, status, created_at, updated_at) values (7, 'DONE', now(), now());
insert into test.reservation_queue (user_id, status, created_at, updated_at) values (8, 'DONE', now(), now());
insert into test.reservation_queue (user_id, status, created_at, updated_at) values (9, 'DONE', now(), now());
insert into test.reservation_queue (user_id, status, created_at, updated_at) values (10, 'DONE', now(), now());
insert into test.reservation_queue (user_id, status, created_at, updated_at) values (11, 'DONE', now(), now());
insert into test.reservation_queue (user_id, status, created_at, updated_at) values (12, 'DONE', now(), now());
insert into test.reservation_queue (user_id, status, created_at, updated_at) values (13, 'DONE', now(), now());
insert into test.reservation_queue (user_id, status, created_at, updated_at) values (14, 'WAITING', now(), now());
insert into test.reservation_queue (user_id, status, created_at, updated_at) values (15, 'WAITING', now(), now());